Equipo id,Edad,90 s,PrgC,PrgP,PrgR,Ast,G-TP,npxG,xAG,npxG+xAG,GC90,% Salvadas,% Salvadas,PaC%,PSxG/SoT,/90,%deLanzamientos,Int._x,% de Stp,NÃºm. de OPA/90,DistProm.,Long. prom.,Dis,Int._y,% Cmp,ACT,Desp.,Int,Bloqueos,Tkl,Ataq. pen.,Toques,Succ,Ganados,Jugadores_utiles,N_competiciones,temporada
23900000,27.3,24.445,1.48,3.4905,3.146,0.0775,0.097,0.124,0.0865,0.2105,0.094,7.015000000000001,0.0,3.2350000000000003,0.029000000000000005,-0.007000000000000001,3.0100000000000002,0.5145,0.8300000000000001,0.132,1.645,5.24,1.322,37.2605,76.435,1.811,1.214,0.8035,0.835,1.2015,1.7794999999999999,45.232,0.5974999999999999,1.107,20.0,3.0,2022-2023
23900000,26.09090909090909,22.354545454545455,1.3409090909090908,3.184090909090909,3.127272727272727,0.06727272727272728,0.0890909090909091,0.10454545454545454,0.07954545454545454,0.18363636363636363,0.08636363636363636,6.722727272727273,0.0,3.027272727272727,0.024090909090909093,0.002727272727272727,3.1545454545454548,0.43409090909090914,0.34545454545454546,0.115,1.4863636363636366,3.559090909090909,1.0931818181818183,34.665,73.95454545454545,1.5377272727272726,1.6050000000000002,0.8381818181818183,0.859090909090909,1.0377272727272728,1.6022727272727273,42.824090909090906,0.5827272727272728,1.241818181818182,22.0,4.0,2021-2022
23900000,26.15,25.23,1.4505,3.0245,3.0505,0.08,0.0995,0.099,0.079,0.178,0.056999999999999995,3.2950000000000004,0.835,1.1,0.014000000000000002,-0.004,1.85,0.29900000000000004,0.225,0.046,0.755,2.6399999999999997,1.0065,35.14,74.375,1.4785,1.3355000000000001,0.8404999999999999,0.6755,0.932,1.3315,42.3125,0.6245,1.2645,20.0,4.0,2020-2021
23900000,26.59090909090909,21.62272727272727,1.1695454545454547,2.48,2.694090909090909,0.05954545454545455,0.06818181818181818,0.09363636363636364,0.07227272727272728,0.16454545454545455,0.11409090909090908,5.9409090909090905,0.0,1.6727272727272726,0.025909090909090913,-0.025909090909090913,5.109090909090909,0.5509090909090909,0.7045454545454546,0.02727272727272727,1.05,5.290909090909091,1.044090909090909,33.54,72.44090909090909,1.510909090909091,1.4104545454545454,0.8763636363636365,0.7177272727272727,1.13,1.2254545454545456,41.809090909090905,0.6868181818181818,1.6327272727272728,22.0,3.0,2019-2020
23900000,26.95,22.14,1.23,2.9815,3.114,0.073,0.088,0.083,0.08199999999999999,0.1655,0.124,6.905000000000001,0.0,2.9799999999999995,0.0325,-0.002,5.6,0.587,0.44000000000000006,0.0695,1.42,6.055,0.9015000000000001,36.718,73.275,1.535,1.7169999999999999,1.034,0.9055,1.3395,1.4365,45.099000000000004,0.593,1.9004999999999999,20.0,3.0,2018-2019
39613000,27.19047619047619,25.242857142857144,1.545238095238095,3.3619047619047615,3.395238095238095,0.12333333333333332,0.14714285714285713,0.1519047619047619,0.11190476190476191,0.2638095238095238,0.09857142857142856,7.323809523809524,0.0,2.7476190476190476,0.024761904761904763,0.010952380952380953,3.6333333333333337,0.7871428571428571,0.819047619047619,0.06285714285714285,1.119047619047619,4.476190476190476,1.4219047619047618,42.818571428571424,80.1952380952381,2.1495238095238096,1.2933333333333334,0.7504761904761905,0.8942857142857144,1.4223809523809525,2.099047619047619,51.5647619047619,0.7504761904761905,0.9457142857142857,21.0,4.0,2022-2023
39613000,27.476190476190474,26.423809523809524,1.58,3.317619047619048,3.2890476190476194,0.10190476190476191,0.1442857142857143,0.13952380952380952,0.09619047619047619,0.23476190476190475,0.05333333333333334,3.2952380952380955,0.47619047619047616,1.4952380952380953,0.012380952380952381,-0.004285714285714286,2.4714285714285715,0.3538095238095238,0.29047619047619044,0.03571428571428571,0.6523809523809524,2.2714285714285714,1.1280952380952383,41.887142857142855,77.31428571428572,1.8009523809523809,1.524761904761905,0.9661904761904762,0.8942857142857144,1.5457142857142858,1.9366666666666668,51.19,0.840952380952381,1.3623809523809522,21.0,5.0,2021-2022
39613000,26.65,25.79,1.7115000000000002,3.8589999999999995,3.8905000000000003,0.1105,0.11950000000000001,0.101,0.0935,0.1955,0.039,3.87,2.0,2.175,0.013000000000000001,0.0115,2.54,0.385,0.13999999999999999,0.0335,0.775,2.2600000000000002,1.0070000000000001,48.334500000000006,79.52000000000001,1.8105,1.5474999999999999,1.0310000000000001,0.9029999999999999,1.5875,1.9420000000000002,57.6495,0.9015000000000001,1.2475,20.0,4.0,2020-2021
39613000,25.761904761904763,26.271428571428572,1.5133333333333334,3.168571428571429,3.403809523809524,0.10095238095238096,0.10142857142857142,0.12571428571428572,0.10714285714285714,0.23333333333333334,0.03666666666666667,3.685714285714286,0.0,2.138095238095238,0.012380952380952381,0.006190476190476191,2.719047619047619,0.38095238095238093,0.10476190476190476,0.015238095238095238,0.6047619047619047,2.419047619047619,1.1185714285714288,39.68714285714285,75.31904761904762,1.9300000000000002,1.7580952380952382,0.9861904761904763,0.861904761904762,1.4038095238095238,1.8804761904761906,49.42857142857143,0.8766666666666667,1.8380952380952382,21.0,5.0,2019-2020
39613000,26.045454545454547,25.372727272727275,1.510909090909091,2.6495454545454544,3.210909090909091,0.09136363636363637,0.1309090909090909,0.10363636363636362,0.075,0.17727272727272728,0.09181818181818181,6.654545454545455,0.0,4.240909090909091,0.03227272727272727,0.060000000000000005,4.9772727272727275,0.4445454545454546,0.15454545454545454,0.01636363636363636,0.5454545454545454,4.986363636363636,1.0609090909090908,36.56318181818182,74.78181818181818,1.579090909090909,1.7263636363636363,1.0813636363636363,0.7481818181818182,1.455909090909091,1.780909090909091,45.27227272727273,0.7986363636363637,1.3968181818181817,22.0,5.0,2018-2019
20690000,25.761904761904763,27.51904761904762,2.0180952380952384,4.6257142857142854,4.451428571428571,0.12952380952380954,0.15761904761904763,0.16285714285714287,0.13476190476190478,0.29714285714285715,0.03761904761904762,3.657142857142857,0.0,2.776190476190476,0.012380952380952381,0.008571428571428572,1.0285714285714287,0.23,0.22380952380952382,0.05047619047619048,0.7857142857142857,1.6238095238095238,1.3123809523809524,52.911904761904765,84.95238095238095,2.0914285714285716,1.0314285714285714,0.680952380952381,0.7990476190476191,1.140952380952381,2.3876190476190478,60.8,0.7971428571428573,1.0342857142857143,21.0,6.0,2022-2023
20690000,25.0,21.85,2.7,4.327692307692308,5.694999999999999,0.11461538461538462,0.19230769230769232,0.18923076923076923,0.11730769230769231,0.30692307692307697,0.044230769230769226,2.7,0.55,1.176923076923077,0.01,-0.005,0.6807692307692308,0.20346153846153847,0.21153846153846154,0.04,0.6153846153846154,1.2423076923076921,1.6092307692307695,52.96961538461539,83.35769230769232,2.2165384615384616,0.8196153846153845,0.7430769230769231,0.7507692307692307,1.2880769230769231,2.918461538461538,62.067692307692305,1.3923076923076925,0.9434615384615385,26.0,6.0,2021-2022
20690000,25.166666666666668,25.370833333333334,2.0433333333333334,4.065,4.495,0.12125000000000001,0.17500000000000002,0.18166666666666667,0.125,0.30583333333333335,0.075,6.579166666666666,0.46249999999999997,3.5416666666666665,0.02,0.01,1.2249999999999999,0.43375,0.2916666666666667,0.09291666666666666,1.3,2.3625000000000003,1.4816666666666667,56.564166666666665,88.2375,2.1437500000000003,0.7966666666666667,0.8429166666666666,0.7320833333333333,0.9966666666666667,2.6220833333333333,63.928333333333335,1.0604166666666666,0.7654166666666667,24.0,5.0,2020-2021
20690000,26.19047619047619,25.895238095238092,2.1933333333333334,4.198095238095238,5.055714285714286,0.14095238095238094,0.1738095238095238,0.14714285714285713,0.12095238095238095,0.26952380952380955,0.11857142857142858,6.666666666666667,1.0571428571428572,2.7142857142857144,0.027142857142857146,0.005238095238095239,1.804761904761905,0.529047619047619,0.32857142857142857,0.11,1.4333333333333333,2.6952380952380954,1.1704761904761904,59.570952380952384,85.82380952380952,2.030952380952381,0.9676190476190476,0.8304761904761906,0.7247619047619048,1.1533333333333333,2.4557142857142855,67.5847619047619,1.24,0.8004761904761905,21.0,5.0,2019-2020
20690000,26.63157894736842,32.94210526315789,1.6626315789473685,3.916842105263158,3.893684210526316,0.12736842105263158,0.1705263157894737,0.15210526315789474,0.1236842105263158,0.27578947368421053,0.10842105263157893,7.742105263157894,5.2631578947368425,3.9578947368421056,0.027894736842105264,0.016842105263157894,1.7052631578947368,0.43315789473684213,0.14736842105263157,0.12473684210526316,1.5789473684210527,3.7947368421052627,1.2742105263157895,52.22052631578948,87.02105263157895,1.94,1.1057894736842107,0.8973684210526316,0.7047368421052632,1.0305263157894737,1.9357894736842105,59.29947368421053,0.8426315789473685,0.8047368421052632,19.0,5.0,2018-2019
53674600,28.72,21.444000000000003,1.4512,2.7836000000000003,2.9819999999999998,0.0764,0.0992,0.11320000000000001,0.092,0.20600000000000002,0.08800000000000001,5.975999999999999,0.0,2.628,0.0216,0.0068,3.6639999999999997,0.5816,0.324,0.0752,1.1320000000000001,3.912,1.0171999999999999,41.5792,79.976,1.7380000000000002,1.8592,0.9212,0.95,1.4896,1.706,51.243599999999994,0.8584,0.9636,25.0,5.0,2022-2023
53674600,28.24,24.644000000000002,1.3988,3.0683999999999996,3.2388,0.1036,0.13,0.1288,0.1008,0.2296,0.0916,5.707999999999999,1.3319999999999999,2.3360000000000003,0.022000000000000002,0.0028000000000000004,3.384,0.4996,0.32,0.08280000000000001,1.128,3.5239999999999996,1.2207999999999999,40.1672,79.528,1.8503999999999998,1.5124000000000002,0.9472,0.8508,1.2844,1.6952,48.988,0.8028,0.9228000000000001,25.0,4.0,2021-2022
53674600,27.28,19.096,1.3652000000000002,2.7948000000000004,3.05,0.0908,0.11800000000000001,0.1084,0.0768,0.188,0.09960000000000001,5.6,1.6,2.7960000000000003,0.022400000000000003,-0.0004,3.8279999999999994,0.45,0.316,0.1032,1.28,3.648,1.024,37.702400000000004,78.392,1.548,1.2836,0.9776,0.7108,1.062,1.7016,45.7584,0.8724,1.3175999999999999,25.0,3.0,2020-2021
53674600,26.761904761904763,19.76666666666667,1.764761904761905,3.5452380952380955,3.2747619047619048,0.0719047619047619,0.09571428571428571,0.10666666666666666,0.07428571428571429,0.18095238095238095,0.1638095238095238,5.785714285714286,0.0,1.519047619047619,0.02904761904761905,-0.032857142857142856,3.042857142857143,0.5957142857142858,0.24285714285714283,0.14047619047619048,1.7190476190476192,3.6238095238095234,1.0590476190476192,46.86,80.48095238095237,1.8157142857142858,1.629047619047619,0.7566666666666667,0.7266666666666667,1.1438095238095238,1.747142857142857,55.57142857142857,0.9647619047619047,1.3452380952380953,21.0,3.0,2019-2020
53674600,26.375,24.691666666666666,1.8841666666666665,3.169166666666667,4.007916666666667,0.07625,0.09625,0.11875000000000001,0.08083333333333333,0.1991666666666667,0.09708333333333334,6.041666666666667,1.0416666666666667,2.9458333333333333,0.025000000000000005,0.012916666666666667,1.8916666666666666,0.4175,0.3625,0.13916666666666666,1.425,3.170833333333333,1.2295833333333335,42.945,82.8875,1.7541666666666667,1.1904166666666667,0.8233333333333333,0.7141666666666667,1.1175,1.9645833333333333,50.89208333333334,0.9866666666666667,0.8320833333333333,24.0,4.0,2018-2019
72970000,28.28,16.18,1.0964,2.0908,2.4332,0.0492,0.0868,0.11560000000000001,0.0688,0.18359999999999999,0.1204,6.176,0.444,2.2119999999999997,0.018000000000000002,0.011600000000000001,4.92,0.6232000000000001,0.428,0.0704,0.976,5.167999999999999,1.1368,31.0732,69.992,1.554,2.0392,0.5928,0.9488,1.344,1.6412,41.01480000000001,0.5756,1.7264000000000002,25.0,3.0,2022-2023
72970000,27.333333333333332,16.803703703703704,1.291851851851852,2.2422222222222223,2.4303703703703707,0.060000000000000005,0.07888888888888888,0.08185185185185186,0.06222222222222222,0.14296296296296296,0.06333333333333334,6.007407407407407,0.5703703703703704,4.229629629629629,0.008888888888888889,0.001851851851851852,2.3444444444444446,0.30518518518518517,0.26666666666666666,0.027407407407407408,0.44814814814814813,2.22962962962963,0.9914814814814815,28.203333333333333,66.99259259259259,1.4866666666666666,1.4592592592592593,0.9792592592592593,0.8059259259259258,1.3174074074074074,1.3074074074074074,36.69074074074074,0.6585185185185186,1.0788888888888888,27.0,3.0,2021-2022
72970000,28.0,17.958333333333332,1.1316666666666666,1.8508333333333333,2.11125,0.03875,0.08,0.08541666666666665,0.050416666666666665,0.13541666666666666,0.12708333333333333,5.2125,0.46249999999999997,2.3625000000000003,0.024583333333333332,-0.03916666666666666,6.5874999999999995,0.5979166666666667,0.3875,0.03791666666666667,0.8541666666666666,5.395833333333333,0.7795833333333334,25.133750000000003,65.02083333333333,1.1425,1.5579166666666666,1.01875,0.8445833333333334,1.1916666666666667,1.03125,33.842083333333335,0.7362500000000001,1.485,24.0,3.0,2020-2021
72970000,27.32608695652174,22.317391304347826,2.8130434782608695,5.2586956521739125,5.444347826086957,0.10565217391304346,0.15608695652173912,0.1726086956521739,0.12043478260869565,0.2943478260869565,0.1291304347826087,9.51304347826087,1.643478260869565,3.965217391304348,0.03173913043478261,-0.008695652173913044,7.234782608695652,1.0530434782608695,0.41304347826086957,0.11478260869565216,1.8782608695652174,6.978260869565218,1.8456521739130436,66.85695652173914,70.19130434782609,3.2043478260869565,2.864782608695652,1.541304347826087,1.4569565217391303,2.646086956521739,2.714782608695652,84.18130434782609,1.4982608695652175,3.5243478260869567,23.0,1.0,2019-2020
72970000,27.0,22.65,1.598,3.0244999999999997,3.2329999999999997,0.082,0.10300000000000001,0.127,0.0925,0.219,0.044,3.7700000000000005,0.0,1.465,0.0155,0.01,3.6,0.34750000000000003,0.13,0.058499999999999996,0.795,2.94,1.2065000000000001,32.363,68.01,1.815,1.5375,1.0394999999999999,0.7285,1.3435000000000001,1.497,41.2945,0.6855,1.7469999999999999,20.0,3.0,2018-2019
25700000,26.473684210526315,23.28421052631579,1.4426315789473685,2.8905263157894736,3.0457894736842106,0.07684210526315789,0.11894736842105265,0.10526315789473684,0.0731578947368421,0.17684210526315788,0.1431578947368421,6.652631578947368,2.6315789473684212,2.831578947368421,0.028947368421052635,-0.024736842105263158,3.9210526315789473,0.7352631578947368,0.4526315789473684,0.10842105263157895,1.7,4.6157894736842096,1.2257894736842105,38.788947368421056,76.1263157894737,1.7526315789473683,1.2736842105263158,0.7647368421052632,0.8452631578947368,1.453157894736842,1.7378947368421054,47.643157894736845,0.6794736842105263,1.0426315789473684,19.0,3.0,2022-2023
25700000,27.42105263157895,23.347368421052632,1.2957894736842106,2.9826315789473683,3.046842105263158,0.06842105263157895,0.10894736842105264,0.09052631578947368,0.06578947368421052,0.1563157894736842,0.06052631578947368,3.7421052631578946,2.6315789473684212,1.8894736842105262,0.014210526315789474,0.003157894736842105,2.6999999999999997,0.3821052631578947,0.42105263157894735,0.05105263157894737,0.7526315789473684,2.7578947368421054,0.9573684210526316,43.95894736842106,76.22105263157896,1.48,1.5473684210526315,1.0278947368421054,0.9589473684210525,1.561578947368421,1.5263157894736843,53.21368421052632,0.6647368421052632,1.3994736842105262,19.0,3.0,2021-2022
25700000,25.428571428571427,20.047619047619047,1.1195238095238096,2.72,2.8247619047619046,0.09095238095238095,0.11047619047619049,0.1004761904761905,0.08523809523809524,0.18476190476190477,0.14714285714285713,5.909523809523809,0.5952380952380952,2.3666666666666667,0.030476190476190476,-0.01619047619047619,3.8190476190476192,0.75,0.16666666666666666,0.11142857142857142,1.4857142857142858,4.409523809523809,0.8038095238095238,42.65142857142857,77.62380952380951,1.3728571428571428,1.6857142857142857,0.9757142857142856,0.888095238095238,1.539047619047619,1.2909523809523809,51.79238095238096,0.6819047619047619,1.3238095238095238,21.0,3.0,2020-2021
25700000,24.952380952380953,19.48095238095238,1.6052380952380954,3.117142857142857,3.2685714285714287,0.060476190476190475,0.07428571428571429,0.08047619047619048,0.058095238095238096,0.1380952380952381,0.062380952380952384,3.423809523809524,0.0,1.4428571428571428,0.013333333333333334,-0.002857142857142857,2.2,0.4228571428571429,0.17142857142857143,0.015714285714285715,0.4666666666666667,2.361904761904762,0.9785714285714286,41.710476190476186,77.9,1.5271428571428571,1.7842857142857143,0.99,0.8661904761904763,1.3638095238095238,1.4776190476190476,51.42952380952381,0.9138095238095238,1.6057142857142856,21.0,3.0,2019-2020
25700000,24.956521739130434,18.547826086956523,1.4995652173913043,2.9521739130434783,2.7886956521739132,0.09434782608695652,0.08130434782608696,0.08521739130434783,0.0908695652173913,0.1760869565217391,0.14304347826086958,5.752173913043479,0.0,1.6260869565217393,0.02782608695652174,-0.005217391304347826,3.8434782608695657,0.7652173913043478,0.3,0.07565217391304348,1.2391304347826086,4.734782608695652,0.9847826086956523,42.45652173913044,78.4,1.7595652173913043,1.9747826086956521,0.8899999999999999,0.8891304347826087,1.5482608695652174,1.367391304347826,51.619565217391305,0.9104347826086957,1.325217391304348,23.0,3.0,2018-2019
78486400,26.761904761904763,21.128571428571426,0.8380952380952381,2.465238095238095,2.440952380952381,0.06095238095238095,0.08714285714285715,0.08666666666666667,0.06666666666666667,0.15285714285714286,0.054761904761904755,3.5904761904761906,2.380952380952381,1.7095238095238094,0.010952380952380953,0.0033333333333333335,3.576190476190476,0.4238095238095238,0.29047619047619044,0.05761904761904762,0.7142857142857143,2.8476190476190473,1.0280952380952382,32.445238095238096,67.92380952380952,1.456190476190476,1.6842857142857142,0.7985714285714286,1.0080952380952382,1.3552380952380954,1.4123809523809523,41.47428571428571,0.5576190476190477,1.8952380952380952,21.0,3.0,2022-2023
78486400,25.7,20.41,0.9560000000000001,2.0655,2.4405,0.0725,0.09,0.066,0.0595,0.1255,0.054000000000000006,3.525,1.6649999999999998,1.7100000000000002,0.014499999999999999,0.001,3.47,0.385,0.22000000000000003,0.0595,0.75,2.705,1.0859999999999999,32.332499999999996,69.125,1.6629999999999998,1.543,0.9625,0.938,1.3355000000000001,1.357,41.721,0.597,1.613,20.0,3.0,2021-2022
78486400,26.363636363636363,19.477272727272727,0.9677272727272727,2.5545454545454547,2.4486363636363637,0.04681818181818182,0.05818181818181818,0.07454545454545455,0.05863636363636364,0.13272727272727272,0.10454545454545454,5.9818181818181815,0.65,3.222727272727273,0.02727272727272728,-0.003181818181818182,6.745454545454546,0.5863636363636363,0.35,0.09272727272727273,1.4000000000000001,5.0181818181818185,0.9013636363636363,30.943181818181817,63.75,1.3918181818181818,1.5222727272727274,0.9381818181818182,0.7554545454545455,1.229090909090909,1.5345454545454544,39.70363636363636,0.6095454545454545,1.895909090909091,22.0,3.0,2020-2021
78486400,27.304347826086957,21.721739130434784,1.105217391304348,2.8391304347826085,2.9,0.10217391304347827,0.09956521739130435,0.09478260869565218,0.0965217391304348,0.19,0.07739130434782608,5.773913043478261,0.726086956521739,3.5,0.03,0.005652173913043478,6.613043478260869,0.5773913043478262,0.3173913043478261,0.1482608695652174,1.4695652173913043,5.495652173913043,1.0704347826086957,33.65521739130435,62.13478260869565,1.8582608695652174,1.453478260869565,0.8995652173913044,0.8626086956521739,1.4104347826086956,1.5982608695652174,43.624347826086954,0.7391304347826086,1.998695652173913,23.0,3.0,2019-2020
78486400,26.59090909090909,21.495454545454546,0.985909090909091,2.2536363636363634,2.4963636363636366,0.07681818181818181,0.08818181818181818,0.08590909090909092,0.07363636363636364,0.16045454545454546,0.08727272727272727,6.295454545454546,5.454545454545454,2.8954545454545455,0.03636363636363637,-0.011818181818181818,7.404545454545455,0.36227272727272725,0.19545454545454544,0.04681818181818182,1.3318181818181818,5.931818181818182,0.9672727272727273,24.227272727272727,62.45454545454545,1.3813636363636363,1.62,1.0177272727272728,0.8463636363636364,1.1754545454545455,1.4204545454545454,32.974545454545456,0.7109090909090909,1.5572727272727271,22.0,3.0,2018-2019
3572000,27.227272727272727,23.136363636363637,1.1268181818181817,2.5004545454545455,2.8354545454545454,0.07454545454545454,0.09772727272727272,0.09454545454545454,0.07,0.16636363636363638,0.09636363636363637,6.631818181818181,2.272727272727273,2.490909090909091,0.023636363636363636,-0.002272727272727273,4.859090909090909,0.6195454545454545,0.5363636363636364,0.13363636363636364,1.5818181818181818,4.659090909090909,1.1581818181818182,31.902727272727272,73.00909090909092,1.5113636363636365,1.3909090909090909,0.7136363636363637,0.7736363636363636,1.0463636363636364,1.4963636363636363,39.966818181818184,0.6486363636363636,1.1677272727272727,22.0,3.0,2022-2023
3572000,28.095238095238095,20.742857142857144,1.0219047619047619,3.0509523809523804,3.107142857142857,0.06190476190476191,0.08904761904761906,0.07761904761904763,0.06857142857142857,0.1457142857142857,0.06285714285714286,3.3333333333333335,2.0428571428571427,1.5428571428571427,0.013809523809523808,0.0014285714285714286,3.2857142857142856,0.3938095238095238,0.20476190476190476,0.08476190476190476,0.861904761904762,2.7857142857142856,1.0957142857142856,36.00952380952381,70.36666666666667,1.6285714285714288,1.6242857142857143,0.8538095238095238,0.7509523809523809,1.2323809523809524,1.5357142857142858,44.83809523809524,0.6309523809523809,1.6823809523809523,21.0,3.0,2021-2022
3572000,27.52173913043478,19.356521739130436,0.8669565217391303,2.6930434782608694,3.0204347826086955,0.0808695652173913,0.09869565217391305,0.09956521739130435,0.06304347826086956,0.16304347826086957,0.07739130434782608,6.782608695652174,1.4478260869565216,3.9695652173913043,0.02347826086956522,0.0030434782608695656,5.252173913043478,0.58,0.23478260869565218,0.13478260869565217,1.326086956521739,5.413043478260869,0.9482608695652174,31.442173913043476,66.94782608695652,1.4791304347826089,1.4186956521739131,0.9065217391304349,0.7343478260869566,1.0708695652173912,1.5986956521739129,39.92826086956522,0.6165217391304347,2.1700000000000004,23.0,3.0,2020-2021
3572000,27.434782608695652,18.378260869565217,1.2360869565217392,2.9543478260869565,3.0473913043478262,0.05652173913043478,0.1182608695652174,0.10999999999999999,0.07478260869565218,0.1856521739130435,0.12304347826086957,5.591304347826087,0.0,2.6565217391304343,0.029565217391304344,-0.006086956521739131,5.904347826086957,0.6982608695652175,0.391304347826087,0.10565217391304346,1.3826086956521737,5.095652173913043,1.1482608695652174,34.71391304347826,68.4304347826087,1.7069565217391303,1.5965217391304347,0.9756521739130435,0.9052173913043479,1.3982608695652172,1.6017391304347826,44.43086956521739,0.7265217391304348,1.9913043478260868,23.0,3.0,2019-2020
3572000,27.263157894736842,23.473684210526315,1.4436842105263157,3.3663157894736844,3.8242105263157895,0.08736842105263158,0.14105263157894737,0.15684210526315792,0.08473684210526317,0.24105263157894738,0.042105263157894736,3.805263157894737,1.7526315789473683,2.405263157894737,0.01368421052631579,-0.0010526315789473684,3.452631578947368,0.3610526315789474,0.18947368421052632,0.04052631578947369,0.7473684210526316,3.2421052631578946,1.3126315789473686,36.15315789473684,69.56315789473685,1.916315789473684,1.8431578947368423,0.8647368421052631,0.8905263157894737,1.3273684210526315,2.1152631578947365,46.240526315789474,0.7836842105263159,2.3531578947368423,19.0,3.0,2018-2019
53208200,27.210526315789473,33.95789473684211,1.8778947368421053,3.951052631578947,3.703684210526316,0.1310526315789474,0.14526315789473684,0.14315789473684212,0.13,0.2731578947368421,0.10052631578947369,7.368421052631579,1.7526315789473683,4.010526315789474,0.027894736842105264,0.0,1.3894736842105262,0.4599999999999999,0.5894736842105263,0.14,1.9000000000000001,3.405263157894737,1.3194736842105264,51.19368421052632,87.91578947368421,2.3073684210526313,0.97,0.7521052631578948,0.7331578947368421,1.1473684210526316,2.0463157894736845,58.718421052631584,0.8810526315789474,0.5931578947368421,19.0,6.0,2022-2023
53208200,27.263157894736842,31.63157894736842,2.173157894736842,4.226842105263158,4.629473684210526,0.15105263157894738,0.15947368421052632,0.1626315789473684,0.12631578947368421,0.28789473684210526,0.045789473684210526,4.110526315789474,3.1578947368421053,2.2263157894736842,0.013157894736842105,0.009473684210526315,1.2,0.25842105263157894,0.2473684210526316,0.04631578947368421,0.8210526315789474,2.005263157894737,1.4894736842105263,50.78631578947369,86.0,2.623684210526316,1.1042105263157895,0.7989473684210526,0.831578947368421,1.2594736842105263,2.721578947368421,59.25736842105264,0.9957894736842104,0.7699999999999999,19.0,5.0,2021-2022
53208200,27.19047619047619,26.4,2.3576190476190475,4.295238095238095,4.845714285714286,0.12666666666666668,0.13095238095238096,0.14095238095238094,0.11428571428571428,0.2542857142857143,0.04095238095238095,3.6761904761904765,0.5285714285714286,2.0,0.012380952380952381,0.007619047619047619,1.0,0.29857142857142854,0.3,0.06190476190476191,0.7809523809523808,1.7047619047619047,1.3566666666666667,55.73,84.51904761904763,2.2842857142857143,1.1547619047619047,0.9352380952380953,0.8614285714285714,1.3338095238095238,2.507142857142857,64.69,1.1347619047619046,0.9880952380952381,21.0,5.0,2020-2021
53208200,26.545454545454547,25.08181818181818,2.2172727272727273,3.9186363636363635,5.010454545454546,0.1318181818181818,0.1527272727272727,0.15681818181818183,0.14363636363636365,0.29772727272727273,0.09272727272727273,6.677272727272728,0.0,3.3545454545454545,0.023181818181818182,0.004545454545454546,1.9727272727272727,0.49000000000000005,0.3772727272727273,0.08954545454545455,1.35,3.3818181818181823,1.434090909090909,48.45181818181818,83.1590909090909,2.335909090909091,1.0495454545454546,0.9277272727272727,0.7222727272727273,1.2340909090909091,2.43,56.95363636363636,1.124090909090909,1.041818181818182,22.0,5.0,2019-2020
53208200,25.565217391304348,25.930434782608696,2.0678260869565217,4.086086956521739,4.385652173913043,0.1073913043478261,0.14695652173913043,0.16043478260869565,0.12695652173913044,0.2856521739130435,0.10304347826086957,6.226086956521739,0.5434782608695652,2.8391304347826085,0.02608695652173913,0.007826086956521738,2.3521739130434782,0.4556521739130435,0.5217391304347826,0.10217391304347827,1.4043478260869564,3.7956521739130435,1.557391304347826,46.51347826086956,84.20869565217392,2.1247826086956523,1.1291304347826085,1.0382608695652173,0.7595652173913043,1.2273913043478262,2.2321739130434786,54.321739130434786,0.9,0.9217391304347826,23.0,5.0,2018-2019
31190000,24.73913043478261,23.643478260869564,1.8078260869565217,3.1647826086956523,3.9530434782608697,0.09695652173913043,0.12434782608695652,0.14391304347826087,0.10478260869565217,0.24869565217391304,0.034782608695652174,3.252173913043478,2.1739130434782608,2.0,0.010869565217391304,0.0013043478260869564,1.6695652173913043,0.21304347826086958,0.16086956521739132,0.05391304347826087,0.7130434782608696,2.1739130434782608,1.3004347826086957,41.65391304347826,78.4,1.8817391304347826,1.1352173913043477,0.7169565217391304,0.9421739130434783,1.5082608695652173,2.0417391304347827,51.18826086956521,0.8856521739130435,1.4169565217391307,23.0,4.0,2022-2023
31190000,25.333333333333332,25.390476190476193,1.510952380952381,3.141904761904762,3.403809523809524,0.07142857142857142,0.07952380952380952,0.10333333333333333,0.08333333333333333,0.1880952380952381,0.11952380952380952,7.090476190476191,1.9857142857142858,4.080952380952381,0.022857142857142857,0.0,3.3761904761904766,0.5257142857142857,0.3333333333333333,0.12285714285714286,1.5238095238095237,4.295238095238095,1.0319047619047619,40.64190476190476,77.76666666666667,1.697142857142857,1.438095238095238,0.8280952380952381,0.7976190476190477,1.2985714285714285,1.8314285714285714,49.68619047619048,0.8885714285714286,1.3542857142857143,21.0,4.0,2021-2022
31190000,24.75,22.391666666666666,1.5654166666666667,3.7754166666666666,4.011666666666667,0.08708333333333333,0.12083333333333333,0.13791666666666666,0.11833333333333333,0.2558333333333333,0.042916666666666665,2.795833333333333,1.0416666666666667,1.5958333333333332,0.012916666666666667,-0.0020833333333333333,1.4625000000000001,0.21208333333333332,0.07916666666666666,0.057499999999999996,0.7583333333333333,1.9958333333333333,1.2908333333333333,43.6225,76.98333333333333,1.9675,1.2237500000000001,0.8179166666666666,0.7529166666666667,1.2383333333333333,2.0708333333333333,52.13333333333333,0.8545833333333333,1.5429166666666667,24.0,5.0,2020-2021
31190000,23.85,23.585,1.6085,3.1635,3.428,0.0755,0.125,0.1055,0.0785,0.1845,0.121,7.19,0.625,2.605,0.027000000000000003,-0.0025,2.8649999999999998,0.62,0.335,0.17250000000000001,1.7549999999999997,4.745,1.01,41.5625,77.265,1.5345,1.338,0.8245000000000001,0.7135,1.1949999999999998,1.67,49.4125,0.7849999999999999,1.5254999999999999,20.0,3.0,2019-2020
31190000,24.666666666666668,18.929166666666667,1.45625,2.9608333333333334,3.0516666666666663,0.07125,0.07125,0.10375,0.08708333333333333,0.19041666666666668,0.09333333333333334,5.754166666666667,1.3875,2.1125000000000003,0.023333333333333334,-0.008333333333333333,2.516666666666667,0.5599999999999999,0.35000000000000003,0.12749999999999997,1.3416666666666668,3.8541666666666665,1.0266666666666666,40.60791666666667,77.37083333333334,1.64875,1.87375,1.0366666666666666,0.9941666666666666,1.35875,1.4008333333333332,49.781666666666666,0.855,1.5904166666666668,24.0,3.0,2018-2019
27330000,27.555555555555557,23.53333333333333,1.2274074074074075,3.3248148148148147,3.2074074074074073,0.08925925925925926,0.10518518518518517,0.10148148148148149,0.07296296296296297,0.17444444444444443,0.08777777777777779,5.355555555555555,1.2333333333333332,2.566666666666667,0.021111111111111112,0.0,3.211111111111111,0.5125925925925926,0.4592592592592592,0.07407407407407407,1.037037037037037,3.9666666666666663,1.1492592592592592,42.316296296296294,79.1,1.8025925925925927,1.4133333333333336,0.7948148148148149,0.8807407407407408,1.327037037037037,1.6292592592592594,50.958888888888886,0.647037037037037,1.16,27.0,5.0,2022-2023
27330000,27.72,22.811999999999998,1.4480000000000002,3.4608,4.166,0.086,0.10640000000000001,0.1052,0.0848,0.19039999999999999,0.056799999999999996,6.264000000000001,0.6679999999999999,4.228,0.0184,0.0,2.164,0.43799999999999994,0.5,0.1104,1.208,3.0,1.1984000000000001,45.461999999999996,80.556,1.9051999999999998,1.126,0.6831999999999999,0.7684000000000001,1.1159999999999999,1.8576,53.9344,0.7659999999999999,1.2228,25.0,5.0,2021-2022
27330000,27.52173913043478,25.891304347826086,1.3734782608695653,2.9873913043478257,3.220434782608695,0.09434782608695652,0.1108695652173913,0.12391304347826088,0.09217391304347826,0.21608695652173912,0.09173913043478263,6.326086956521739,1.0869565217391304,3.360869565217391,0.02391304347826087,0.000869565217391304,2.534782608695652,0.3869565217391305,0.508695652173913,0.06565217391304348,1.1869565217391305,3.217391304347826,1.1582608695652175,43.64826086956521,82.59565217391305,1.732608695652174,1.047826086956522,0.8417391304347825,0.6356521739130435,0.9991304347826088,1.602608695652174,50.74826086956522,0.731304347826087,1.112608695652174,23.0,5.0,2020-2021
27330000,26.791666666666668,23.495833333333334,1.7083333333333333,4.2995833333333335,4.955416666666667,0.07958333333333333,0.13958333333333334,0.14916666666666667,0.09916666666666667,0.24791666666666667,0.06541666666666666,6.566666666666667,2.7083333333333335,4.241666666666666,0.019166666666666665,0.012499999999999999,2.6625,0.5591666666666667,0.2041666666666667,0.059166666666666666,1.1791666666666667,3.5583333333333336,1.4183333333333332,51.14833333333333,80.41250000000001,2.268333333333333,1.26,0.7404166666666666,0.73,1.3329166666666665,2.34125,59.98416666666666,1.0158333333333334,1.5245833333333334,24.0,4.0,2019-2020
27330000,26.4,24.052,1.5992,3.4964,3.5292000000000003,0.1124,0.1288,0.1556,0.1,0.254,0.0908,5.796,0.6679999999999999,3.116,0.0216,0.015599999999999998,3.8560000000000003,0.46,0.32799999999999996,0.1084,1.3639999999999999,4.332000000000001,1.3412,38.47,77.18,1.75,1.5036,0.9416,0.812,1.3432,1.7812000000000001,46.824400000000004,0.7192000000000001,1.466,25.0,5.0,2018-2019
91700000,23.636363636363637,20.44090909090909,1.7145454545454546,3.0527272727272727,3.2636363636363637,0.06772727272727273,0.12090909090909091,0.13863636363636364,0.08727272727272727,0.225,0.05272727272727273,3.227272727272727,0.0,1.0,0.012727272727272728,0.0,1.8545454545454545,0.25727272727272726,0.35000000000000003,0.056363636363636366,0.740909090909091,2.463636363636364,1.3031818181818182,34.23,73.08181818181818,1.8940909090909093,1.2927272727272727,0.8031818181818181,0.8518181818181819,1.4004545454545454,1.989090909090909,43.38772727272727,0.8640909090909091,1.1363636363636365,22.0,4.0,2022-2023
91700000,24.24,19.652,1.0972,2.0947999999999998,2.3604000000000003,0.0684,0.0772,0.07640000000000001,0.062,0.1392,0.1436,8.664,0.6679999999999999,3.92,0.0384,0.02,6.5120000000000005,0.6528,0.376,0.11960000000000001,1.6640000000000001,6.436,0.9116,25.4632,66.008,1.3308000000000002,1.2728,0.8312,0.7248,1.1448,1.252,33.306799999999996,0.7172,0.9868000000000001,25.0,3.0,2021-2022
91700000,24.714285714285715,20.514285714285716,1.2861904761904763,2.124285714285714,2.8319047619047617,0.08571428571428572,0.1061904761904762,0.0919047619047619,0.06666666666666667,0.15904761904761905,0.12380952380952381,7.076190476190476,3.9666666666666663,2.1095238095238096,0.021904761904761903,-0.0038095238095238095,4.866666666666667,0.8657142857142857,0.1619047619047619,0.08619047619047619,1.5523809523809522,4.847619047619048,0.9257142857142858,30.65952380952381,69.88095238095238,1.4342857142857144,1.3233333333333333,0.8976190476190476,0.7904761904761906,0.9042857142857142,1.3204761904761906,38.46523809523809,0.7252380952380952,1.119047619047619,21.0,3.0,2020-2021
91700000,25.708333333333332,22.7625,1.4091666666666667,2.7025,3.1683333333333334,0.06416666666666666,0.09958333333333334,0.10666666666666667,0.075,0.18083333333333332,0.12166666666666666,6.2124999999999995,0.8333333333333334,2.0833333333333335,0.02125,-0.004166666666666667,3.608333333333333,0.6808333333333333,0.15833333333333335,0.042916666666666665,1.0374999999999999,4.2,0.9095833333333333,36.32083333333333,73.32916666666667,1.3695833333333332,1.5995833333333334,0.8975,0.7879166666666667,1.0766666666666667,1.425,44.361250000000005,0.7641666666666667,1.0745833333333332,24.0,5.0,2019-2020
91700000,25.043478260869566,28.76521739130435,1.4460869565217391,2.8865217391304347,3.1191304347826083,0.08521739130434783,0.11478260869565218,0.16652173913043478,0.1017391304347826,0.2682608695652174,0.07608695652173914,6.956521739130435,0.36086956521739133,3.1608695652173906,0.019130434782608695,0.02347826086956522,3.6217391304347832,0.47260869565217395,0.3347826086956522,0.03782608695652174,1.0695652173913044,4.71304347826087,1.1947826086956521,33.641304347826086,76.73913043478261,1.5143478260869565,1.572608695652174,1.0595652173913044,0.8539130434782609,1.185217391304348,1.6530434782608694,41.65391304347826,0.6708695652173913,1.1078260869565217,23.0,5.0,2018-2019
28183300,27.46153846153846,21.0,1.8219230769230768,3.5234615384615386,3.616923076923077,0.10153846153846155,0.14884615384615385,0.14192307692307693,0.10230769230769231,0.24423076923076922,0.1373076923076923,8.1,0.0,3.4615384615384617,0.035,0.005384615384615384,2.2615384615384615,0.6457692307692308,0.7461538461538463,0.16576923076923078,1.8230769230769233,4.119230769230769,1.161923076923077,42.985769230769236,83.04615384615384,1.8661538461538463,1.32,0.6326923076923077,0.76,1.1784615384615384,1.995,51.13461538461539,0.8565384615384615,0.6903846153846154,26.0,4.0,2022-2023
28183300,27.5,24.383333333333336,1.6670833333333333,3.2604166666666665,3.7591666666666668,0.13583333333333333,0.16666666666666666,0.16416666666666666,0.12875,0.29375,0.09208333333333334,6.1375,1.0416666666666667,2.1374999999999997,0.022083333333333333,-0.0004166666666666667,2.0124999999999997,0.59,0.3125,0.16708333333333333,1.3708333333333336,3.0333333333333337,1.175,41.020833333333336,79.49583333333334,1.7016666666666669,1.3679166666666667,0.7958333333333334,0.7625000000000001,1.22,2.2550000000000003,49.89125000000001,0.9629166666666666,1.0125,24.0,5.0,2021-2022
28183300,26.52,25.02,1.6864,3.1724,3.8815999999999997,0.11199999999999999,0.14679999999999999,0.14400000000000002,0.10280000000000002,0.2468,0.0724,5.756,0.5,2.988,0.0216,-0.0052,1.848,0.536,0.336,0.08199999999999999,1.204,3.2119999999999997,1.026,42.7552,80.58800000000001,1.6556,1.212,0.912,0.7692,1.2124,2.01,50.91439999999999,0.9656,0.9952,25.0,4.0,2020-2021
28183300,27.05,21.994999999999997,1.6625,2.931,3.571,0.1015,0.14350000000000002,0.1605,0.1095,0.2705,0.146,7.470000000000001,0.835,3.7649999999999997,0.021,-0.0075,2.91,0.7215,0.35,0.0395,1.2149999999999999,3.7950000000000004,1.384,40.9185,79.36,1.891,1.533,0.724,0.7555,1.1484999999999999,1.9490000000000003,49.803000000000004,0.9460000000000001,1.0825,20.0,3.0,2019-2020
28183300,26.708333333333332,24.40416666666667,1.4887499999999998,3.581666666666667,3.5591666666666666,0.09875,0.11249999999999999,0.105,0.09875,0.20291666666666666,0.11166666666666665,6.016666666666667,2.0833333333333335,2.6875,0.02625,0.01625,3.545833333333333,0.6225,0.22916666666666666,0.08916666666666667,1.1916666666666667,4.0249999999999995,1.1391666666666667,40.069583333333334,77.5625,1.9158333333333333,1.6804166666666667,0.9183333333333333,0.7933333333333333,1.4058333333333335,1.5695833333333333,48.69958333333333,0.7445833333333334,1.1508333333333332,24.0,4.0,2018-2019
68070000,27.0,17.34,1.3716,2.5792,3.0956,0.0668,0.0796,0.0836,0.0692,0.1516,0.0664,2.904,1.092,0.528,0.0124,0.0096,1.3519999999999999,0.3116,0.14800000000000002,0.022400000000000003,0.508,1.6680000000000001,0.9272,34.544000000000004,75.82,1.7091999999999998,1.7012,0.7356,0.9887999999999999,1.5744,1.5368000000000002,44.2224,0.774,1.1524,25.0,3.0,2022-2023
68070000,28.88,18.032,1.1804000000000001,2.3064,2.5868,0.064,0.10800000000000001,0.096,0.0688,0.1648,0.1008,6.0840000000000005,0.5,2.084,0.022000000000000002,0.0044,3.3760000000000003,0.69,0.32,0.11120000000000001,1.256,3.6,0.9468,34.494,75.404,1.4047999999999998,1.4704,0.7143999999999999,0.7684000000000001,1.2388,1.2848,43.306400000000004,0.8123999999999999,1.2156,25.0,3.0,2021-2022
68070000,28.17391304347826,18.543478260869566,1.1217391304347826,2.0295652173913044,2.0343478260869565,0.05695652173913044,0.07217391304347825,0.06565217391304348,0.06217391304347826,0.12608695652173912,0.11565217391304349,5.8478260869565215,1.6304347826086956,1.8130434782608698,0.024782608695652176,0.00043478260869565257,3.8260869565217392,0.7556521739130434,0.17391304347826086,0.061304347826086965,1.1434782608695653,4.517391304347826,0.592608695652174,37.94260869565217,78.13913043478261,0.9947826086956522,1.537391304347826,0.8847826086956523,0.7617391304347826,1.1804347826086956,0.8700000000000001,46.03,0.7230434782608696,1.1547826086956523,23.0,3.0,2020-2021
68070000,26.727272727272727,21.054545454545455,1.325,2.685,2.805454545454545,0.06681818181818182,0.11772727272727274,0.09272727272727273,0.05909090909090909,0.15227272727272728,0.07590909090909091,7.145454545454545,0.0,3.0136363636363637,0.028636363636363637,0.02681818181818182,2.786363636363636,0.7245454545454546,0.1590909090909091,0.07727272727272727,1.1954545454545455,3.8045454545454542,0.9022727272727273,37.97090909090909,74.10000000000001,1.3677272727272727,1.755,0.7463636363636365,0.7331818181818182,1.1972727272727273,1.4095454545454547,46.88227272727273,0.8613636363636363,1.904090909090909,22.0,3.0,2019-2020
68070000,27.541666666666668,18.933333333333334,1.4816666666666667,2.6579166666666665,2.9616666666666664,0.07625,0.08625,0.09541666666666666,0.07166666666666667,0.16666666666666666,0.17,9.1625,1.0416666666666667,3.6625,0.034583333333333334,0.011666666666666665,6.195833333333333,0.98875,0.4791666666666667,0.10583333333333333,1.5833333333333333,6.333333333333333,0.9770833333333333,34.996249999999996,70.8875,1.6916666666666667,1.5333333333333332,0.8325,0.8108333333333334,1.4283333333333335,1.7387500000000002,44.024166666666666,0.7983333333333333,1.7675,24.0,3.0,2018-2019
